{"cameraMode":{"drawMode":0,"name":"Shaded","section":"Shading Mode"},"sceneLighting":false,"audioPlay":false,"sceneViewState":{"showFog":false,"showMaterialUpdate":false,"showSkybox":false,"showFlares":false,"showImageEffects":false,"showParticleSystems":false},"in2DMode":false,"pivot":{"x":-36.08002471923828,"y":-0.5722900629043579,"z":8.021739959716797},"rotation":{"x":0.10162899643182755,"y":-0.8789512515068054,"z":0.21649205684661866,"w":0.41261062026023867},"size":29.13173484802246,"orthographic":false}