{"cameraMode":{"drawMode":0,"name":"Shaded","section":"Shading Mode"},"sceneLighting":true,"audioPlay":false,"sceneViewState":{"showFog":false,"showMaterialUpdate":false,"showSkybox":false,"showFlares":false,"showImageEffects":false,"showParticleSystems":false},"in2DMode":false,"pivot":{"x":51.82844543457031,"y":-17.884340286254884,"z":103.09637451171875},"rotation":{"x":0.14268682897090913,"y":-0.8517124652862549,"z":0.29975128173828127,"w":0.40545085072517397},"size":159.40805053710938,"orthographic":true}