{"cameraMode":{"drawMode":0,"name":"Shaded","section":"Shading Mode"},"sceneLighting":false,"audioPlay":false,"sceneViewState":{"showFog":false,"showMaterialUpdate":false,"showSkybox":false,"showFlares":false,"showImageEffects":false,"showParticleSystems":false},"in2DMode":false,"pivot":{"x":0.6409172415733337,"y":0.4087391495704651,"z":3.044663906097412},"rotation":{"x":0.43678808212280276,"y":0.11416320502758026,"z":-0.055993251502513888,"w":0.8905377984046936},"size":11.667555809020996,"orthographic":false}