{"cameraMode":{"drawMode":0,"name":"Shaded","section":"Shading Mode"},"sceneLighting":false,"audioPlay":false,"sceneViewState":{"showFog":false,"showMaterialUpdate":false,"showSkybox":false,"showFlares":false,"showImageEffects":false,"showParticleSystems":false},"in2DMode":false,"pivot":{"x":68.67411804199219,"y":11.209190368652344,"z":11.291229248046875},"rotation":{"x":0.1476764678955078,"y":-0.2650076150894165,"z":0.04110901057720184,"w":0.9519842863082886},"size":62.65391540527344,"orthographic":false}